season,CO,NO2,O3,PM10,PM2.5,SO2
Winter,0.27632793323514976,28.138493504145107,39.20044724458445,17.10388349514563,10.087210014409223,1.6305399625768513
Spring,0.16200073286918287,23.01164617802015,57.328053464698485,18.736676624983996,10.578545674474865,1.5187182675370428
Summer,0.1503205128205128,18.254203879671856,53.141906651682234,16.13044985990522,7.459039172683177,1.4077345178991376
Autumn,0.225,24.687656870175076,39.796207852278776,16.910091580449837,8.902936625346461,1.3367983834755277
