season,CO,NO2,O3,PM10,PM2.5,SO2
Winter,,,,,,
Spring,0.21390243902439027,24.43974712209851,56.81070351758794,17.321038827755288,10.414437269372694,1.1130081300813008
Summer,,,,,,
Autumn,,,,,,
