pollutant,r2_mean,r2_std,r2_min,r2_max,rmse_mean,rmse_std,n_sites
CO,0.6378,0.2621,0.4525,0.8232,0.0771,0.0905,2
NO2,-2.6314136081439117e+27,1.4770480155110103e+28,-1.007077112540059e+29,0.8782,0.0375,0.011,58
O3,-8.472301802719489e+27,2.8099446190272205e+28,-9.31953198299144e+28,0.9388,0.0343,0.0093,11
PM10,-1.853158879805683e+27,1.157397424621299e+28,-7.502385573117861e+28,0.8536,0.0296,0.0163,42
PM25,0.5979,0.2401,0.0,0.8986,0.0245,0.0142,24
SO2,-1.7785,5.3414,-9.7906,0.9153,0.0167,0.0044,4
